{
    "plddts": {
        "model_1": 87.86803298377188,
        "model_2": 89.00248176914916,
        "model_3": 86.33687558708434,
        "model_4": 86.51142052846726,
        "model_5": 92.35417960190546
    },
    "order": [
        "model_5",
        "model_2",
        "model_1",
        "model_4",
        "model_3"
    ]
}