{
    "features": 1653.1133558750153,
    "process_features_model_1": 11.930064678192139,
    "predict_and_compile_model_1": 139.47503280639648,
    "relax_model_1": 25.41886830329895,
    "process_features_model_2": 4.7995381355285645,
    "predict_and_compile_model_2": 126.31030893325806,
    "relax_model_2": 10.696381568908691,
    "process_features_model_3": 3.7198801040649414,
    "predict_and_compile_model_3": 97.19215655326843,
    "relax_model_3": 10.367646217346191,
    "process_features_model_4": 5.4754486083984375,
    "predict_and_compile_model_4": 98.17101693153381,
    "relax_model_4": 9.231118440628052,
    "process_features_model_5": 6.2369771003723145,
    "predict_and_compile_model_5": 98.74509835243225,
    "relax_model_5": 11.102933406829834
}